for master_1
for child2
child2_1
child2_2
child2_3
for child3
child3_1
child3_2
child3_3

drop and create databases
connection master_1;
DROP DATABASE IF EXISTS auto_test_local;
CREATE DATABASE auto_test_local;
USE auto_test_local;
connection child2_1;
DROP DATABASE IF EXISTS auto_test_remote;
CREATE DATABASE auto_test_remote;
USE auto_test_remote;
connection child2_2;
DROP DATABASE IF EXISTS auto_test_remote2;
CREATE DATABASE auto_test_remote2;
USE auto_test_remote2;

test select 1
connection master_1;
SELECT 1;
1
1

create table select test
connection master_1;
DROP TABLE IF EXISTS ta_l;
CREATE TABLE ta_l (
a INT,
b CHAR(1),
c DATETIME,
PRIMARY KEY(a)
) MASTER_1_ENGINE MASTER_1_CHARSET MASTER_1_COMMENT_2_1
INSERT INTO ta_l (a, b, c) VALUES
(1, 'a', '2008-08-01 10:21:39'),
(2, 'b', '2000-01-01 00:00:00'),
(3, 'e', '2007-06-04 20:03:11'),
(4, 'd', '2003-11-30 05:01:03'),
(5, 'c', '2001-12-31 23:59:59');

handler test
connection master_1;
HANDLER ta_l OPEN a;
HANDLER a READ `PRIMARY` >= (2) LIMIT 2;
a	b	c
2	b	2000-01-01 00:00:00
3	e	2007-06-04 20:03:11
HANDLER a READ `PRIMARY` NEXT LIMIT 2;
a	b	c
4	d	2003-11-30 05:01:03
5	c	2001-12-31 23:59:59
HANDLER a READ `PRIMARY` NEXT LIMIT 2;
a	b	c
HANDLER a READ `PRIMARY` <= (4) LIMIT 2;
a	b	c
4	d	2003-11-30 05:01:03
3	e	2007-06-04 20:03:11
HANDLER a READ `PRIMARY` PREV LIMIT 2;
a	b	c
2	b	2000-01-01 00:00:00
1	a	2008-08-01 10:21:39
HANDLER a READ `PRIMARY` PREV LIMIT 2;
a	b	c
HANDLER a READ `PRIMARY` FIRST LIMIT 2;
a	b	c
1	a	2008-08-01 10:21:39
2	b	2000-01-01 00:00:00
HANDLER a READ `PRIMARY` NEXT LIMIT 2;
a	b	c
3	e	2007-06-04 20:03:11
4	d	2003-11-30 05:01:03
HANDLER a READ `PRIMARY` NEXT LIMIT 2;
a	b	c
5	c	2001-12-31 23:59:59
HANDLER a READ `PRIMARY` LAST LIMIT 2;
a	b	c
5	c	2001-12-31 23:59:59
4	d	2003-11-30 05:01:03
HANDLER a READ `PRIMARY` PREV LIMIT 2;
a	b	c
3	e	2007-06-04 20:03:11
2	b	2000-01-01 00:00:00
HANDLER a READ `PRIMARY` PREV LIMIT 2;
a	b	c
1	a	2008-08-01 10:21:39
HANDLER a READ FIRST LIMIT 2;
a	b	c
1	a	2008-08-01 10:21:39
2	b	2000-01-01 00:00:00
HANDLER a READ NEXT LIMIT 2;
a	b	c
3	e	2007-06-04 20:03:11
4	d	2003-11-30 05:01:03
HANDLER a READ NEXT LIMIT 2;
a	b	c
5	c	2001-12-31 23:59:59
HANDLER a READ `PRIMARY` > (1) WHERE b = 'd';
a	b	c
4	d	2003-11-30 05:01:03
HANDLER a READ FIRST WHERE b = 'c';
a	b	c
5	c	2001-12-31 23:59:59
HANDLER a CLOSE;

deinit
connection master_1;
DROP DATABASE IF EXISTS auto_test_local;
connection child2_1;
DROP DATABASE IF EXISTS auto_test_remote;
connection child2_2;
DROP DATABASE IF EXISTS auto_test_remote2;
for master_1
for child2
child2_1
child2_2
child2_3
for child3
child3_1
child3_2
child3_3

end of test
